0,0,1,2,0.99947,0.020202,0,0,0,-0.020202,0,0
0,0,2,3,0.9984,0.020202,-0.020202,0,0,-0.040404,0,0
0,0,3,4,0.99733,0.020202,-0.040404,0,0,-0.060606,0,0
0,0,4,5,0.99627,0.020202,-0.060606,0,0,-0.080808,0,0
0,0,5,6,0.9952,0.020202,-0.080808,0,0,-0.10101,0,0
0,0,6,7,0.99413,0.020202,-0.10101,0,0,-0.12121,0,0
0,0,7,8,0.99307,0.020202,-0.12121,0,0,-0.14141,0,0
0,0,8,9,0.992,0.020202,-0.14141,0,0,-0.16162,0,0
0,0,9,10,0.99094,0.020202,-0.16162,0,0,-0.18182,0,0
0,0,10,11,0.98987,0.020202,-0.18182,0,0,-0.20202,0,0
0,0,11,12,0.9888,0.020202,-0.20202,0,0,-0.22222,0,0
0,0,12,13,0.98774,0.020202,-0.22222,0,0,-0.24242,0,0
0,0,13,14,0.98667,0.020202,-0.24242,0,0,-0.26263,0,0
0,0,14,15,0.9856,0.020202,-0.26263,0,0,-0.28283,0,0
0,0,15,16,0.98454,0.020202,-0.28283,0,0,-0.30303,0,0
0,0,16,17,0.98347,0.020202,-0.30303,0,0,-0.32323,0,0
0,0,17,18,0.9824,0.020202,-0.32323,0,0,-0.34343,0,0
0,0,18,19,0.98134,0.020202,-0.34343,0,0,-0.36364,0,0
0,0,19,20,0.98027,0.020202,-0.36364,0,0,-0.38384,0,0
0,0,20,21,0.97921,0.020202,-0.38384,0,0,-0.40404,0,0
0,0,21,22,0.97814,0.020202,-0.40404,0,0,-0.42424,0,0
0,0,22,23,0.97707,0.020202,-0.42424,0,0,-0.44444,0,0
0,0,23,24,0.97601,0.020202,-0.44444,0,0,-0.46465,0,0
0,0,24,25,0.97494,0.020202,-0.46465,0,0,-0.48485,0,0
0,0,25,26,0.97387,0.020202,-0.48485,0,0,-0.50505,0,0
0,0,26,27,0.97281,0.020202,-0.50505,0,0,-0.52525,0,0
0,0,27,28,0.97174,0.020202,-0.52525,0,0,-0.54545,0,0
0,0,28,29,0.97067,0.020202,-0.54545,0,0,-0.56566,0,0
0,0,29,30,0.96961,0.020202,-0.56566,0,0,-0.58586,0,0
0,0,30,31,0.96854,0.020202,-0.58586,0,0,-0.60606,0,0
0,0,31,32,0.96748,0.020202,-0.60606,0,0,-0.62626,0,0
0,0,32,33,0.96641,0.020202,-0.62626,0,0,-0.64646,0,0
0,0,33,34,0.96534,0.020202,-0.64646,0,0,-0.66667,0,0
0,0,34,35,0.96428,0.020202,-0.66667,0,0,-0.68687,0,0
0,0,35,36,0.96321,0.020202,-0.68687,0,0,-0.70707,0,0
0,0,36,37,0.96214,0.020202,-0.70707,0,0,-0.72727,0,0
0,0,37,38,0.96108,0.020202,-0.72727,0,0,-0.74747,0,0
0,0,38,39,0.96001,0.020202,-0.74747,0,0,-0.76768,0,0
0,0,39,40,0.95894,0.020202,-0.76768,0,0,-0.78788,0,0
0,0,40,41,0.95788,0.020202,-0.78788,0,0,-0.80808,0,0
0,0,41,42,0.95681,0.020202,-0.80808,0,0,-0.82828,0,0
0,0,42,43,0.95574,0.020202,-0.82828,0,0,-0.84848,0,0
0,0,43,44,0.95468,0.020202,-0.84848,0,0,-0.86869,0,0
0,0,44,45,0.95361,0.020202,-0.86869,0,0,-0.88889,0,0
0,0,45,46,0.95255,0.020202,-0.88889,0,0,-0.90909,0,0
0,0,46,47,0.95148,0.020202,-0.90909,0,0,-0.92929,0,0
0,0,47,48,0.95041,0.020202,-0.92929,0,0,-0.94949,0,0
0,0,48,49,0.94935,0.020202,-0.94949,0,0,-0.9697,0,0
0,0,49,50,0.94828,0.020202,-0.9697,0,0,-0.9899,0,0
0,0,50,51,0.94721,0.020202,-0.9899,0,0,-1.0101,0,0
0,0,51,52,0.94615,0.020202,-1.0101,0,0,-1.0303,0,0
0,0,52,53,0.94508,0.020202,-1.0303,0,0,-1.0505,0,0
0,0,53,54,0.94401,0.020202,-1.0505,0,0,-1.0707,0,0
0,0,54,55,0.94295,0.020202,-1.0707,0,0,-1.0909,0,0
0,0,55,56,0.94188,0.020202,-1.0909,0,0,-1.1111,0,0
0,0,56,57,0.94082,0.020202,-1.1111,0,0,-1.1313,0,0
0,0,57,58,0.93975,0.020202,-1.1313,0,0,-1.1515,0,0
0,0,58,59,0.93868,0.020202,-1.1515,0,0,-1.1717,0,0
0,0,59,60,0.93762,0.020202,-1.1717,0,0,-1.1919,0,0
0,0,60,61,0.93655,0.020202,-1.1919,0,0,-1.2121,0,0
0,0,61,62,0.93548,0.020202,-1.2121,0,0,-1.2323,0,0
0,0,62,63,0.93442,0.020202,-1.2323,0,0,-1.2525,0,0
0,0,63,64,0.93335,0.020202,-1.2525,0,0,-1.2727,0,0
0,0,64,65,0.93228,0.020202,-1.2727,0,0,-1.2929,0,0
0,0,65,66,0.93122,0.020202,-1.2929,0,0,-1.3131,0,0
0,0,66,67,0.93015,0.020202,-1.3131,0,0,-1.3333,0,0
0,0,67,68,0.92908,0.020202,-1.3333,0,0,-1.3535,0,0
0,0,68,69,0.92802,0.020202,-1.3535,0,0,-1.3737,0,0
0,0,69,70,0.92695,0.020202,-1.3737,0,0,-1.3939,0,0
0,0,70,71,0.92589,0.020202,-1.3939,0,0,-1.4141,0,0
0,0,71,72,0.92482,0.020202,-1.4141,0,0,-1.4343,0,0
0,0,72,73,0.92375,0.020202,-1.4343,0,0,-1.4545,0,0
0,0,73,74,0.92269,0.020202,-1.4545,0,0,-1.4747,0,0
0,0,74,75,0.92162,0.020202,-1.4747,0,0,-1.4949,0,0
0,0,75,76,0.92055,0.020202,-1.4949,0,0,-1.5152,0,0
0,0,76,77,0.91949,0.020202,-1.5152,0,0,-1.5354,0,0
0,0,77,78,0.91842,0.020202,-1.5354,0,0,-1.5556,0,0
0,0,78,79,0.91735,0.020202,-1.5556,0,0,-1.5758,0,0
0,0,79,80,0.91629,0.020202,-1.5758,0,0,-1.596,0,0
0,0,80,81,0.91522,0.020202,-1.596,0,0,-1.6162,0,0
0,0,81,82,0.91416,0.020202,-1.6162,0,0,-1.6364,0,0
0,0,82,83,0.91309,0.020202,-1.6364,0,0,-1.6566,0,0
0,0,83,84,0.91202,0.020202,-1.6566,0,0,-1.6768,0,0
0,0,84,85,0.91096,0.020202,-1.6768,0,0,-1.697,0,0
0,0,85,86,0.90989,0.020202,-1.697,0,0,-1.7172,0,0
0,0,86,87,0.90882,0.020202,-1.7172,0,0,-1.7374,0,0
0,0,87,88,0.90776,0.020202,-1.7374,0,0,-1.7576,0,0
0,0,88,89,0.90669,0.020202,-1.7576,0,0,-1.7778,0,0
0,0,89,90,0.90562,0.020202,-1.7778,0,0,-1.798,0,0
0,0,90,91,0.90456,0.020202,-1.798,0,0,-1.8182,0,0
0,0,91,92,0.90349,0.020202,-1.8182,0,0,-1.8384,0,0
0,0,92,93,0.90243,0.020202,-1.8384,0,0,-1.8586,0,0
0,0,93,94,0.90136,0.020202,-1.8586,0,0,-1.8788,0,0
0,0,94,95,0.90029,0.020202,-1.8788,0,0,-1.899,0,0
0,0,95,96,0.89923,0.020202,-1.899,0,0,-1.9192,0,0
0,0,96,97,0.89816,0.020202,-1.9192,0,0,-1.9394,0,0
0,0,97,98,0.89709,0.020202,-1.9394,0,0,-1.9596,0,0
0,0,98,99,0.89603,0.020202,-1.9596,0,0,-1.9798,0,0
0,0,99,100,0.89496,0.020202,-1.9798,0,0,-2,0,0
0,0,101,102,0.8931,0.036193,-2,0,0,-2.0362,0,0.0014247
0,0,102,103,0.89046,0.036193,-2.0362,0,0.0014247,-2.0723,0,0.0029898
0,0,103,104,0.88781,0.036193,-2.0723,0,0.0029898,-2.1085,0,0.0047088
0,0,104,105,0.88517,0.036193,-2.1085,0,0.0047088,-2.1446,0,0.0065965
0,0,105,106,0.88252,0.036193,-2.1446,0,0.0065965,-2.1808,0,0.0086688
0,0,106,107,0.87987,0.036193,-2.1808,0,0.0086688,-2.2169,0,0.010968
0,0,107,108,0.87723,0.036193,-2.2169,0,0.010968,-2.253,0,0.0135
0,0,108,109,0.87458,0.036193,-2.253,0,0.0135,-2.2891,0,0.016279
0,0,109,110,0.87193,0.036193,-2.2891,0,0.016279,-2.3251,0,0.019329
0,0,110,111,0.86929,0.036193,-2.3251,0,0.019329,-2.3612,0,0.022675
0,0,111,112,0.86664,0.036193,-2.3612,0,0.022675,-2.3972,0,0.026374
0,0,112,113,0.864,0.036193,-2.3972,0,0.026374,-2.4331,0,0.030453
0,0,113,114,0.86135,0.036193,-2.4331,0,0.030453,-2.469,0,0.034926
0,0,114,115,0.8587,0.036193,-2.469,0,0.034926,-2.5049,0,0.03983
0,0,115,116,0.85606,0.036193,-2.5049,0,0.03983,-2.5407,0,0.045203
0,0,116,117,0.85341,0.036193,-2.5407,0,0.045203,-2.5764,0,0.051094
0,0,117,118,0.85077,0.036193,-2.5764,0,0.051094,-2.612,0,0.057608
0,0,118,119,0.84812,0.036192,-2.612,0,0.057608,-2.6475,0,0.064733
0,0,119,120,0.84547,0.036192,-2.6475,0,0.064733,-2.6828,0,0.072519
0,0,120,121,0.84283,0.036192,-2.6828,0,0.072519,-2.718,0,0.081016
0,0,121,122,0.84018,0.036192,-2.718,0,0.081016,-2.753,0,0.090278
0,0,122,123,0.83753,0.036192,-2.753,0,0.090278,-2.7878,0,0.10036
0,0,123,124,0.83489,0.036192,-2.7878,0,0.10036,-2.8222,0,0.11141
0,0,124,125,0.83224,0.036191,-2.8222,0,0.11141,-2.8564,0,0.1234
0,0,125,126,0.8296,0.03619,-2.8564,0,0.1234,-2.8902,0,0.13638
0,0,126,127,0.82695,0.03619,-2.8902,0,0.13638,-2.9235,0,0.15038
0,0,127,128,0.8243,0.036189,-2.9235,0,0.15038,-2.9564,0,0.16545
0,0,128,129,0.82166,0.036189,-2.9564,0,0.16545,-2.9888,0,0.18162
0,0,129,130,0.81901,0.036189,-2.9888,0,0.18162,-3.0206,0,0.19892
0,0,130,131,0.81636,0.036189,-3.0206,0,0.19892,-3.0517,0,0.21734
0,0,131,132,0.81372,0.036188,-3.0517,0,0.21734,-3.0822,0,0.23691
0,0,132,133,0.81107,0.036188,-3.0822,0,0.23691,-3.1119,0,0.25759
0,0,133,134,0.80843,0.036187,-3.1119,0,0.25759,-3.1408,0,0.27937
0,0,134,135,0.80578,0.036187,-3.1408,0,0.27937,-3.1689,0,0.30219
0,0,135,136,0.80313,0.036186,-3.1689,0,0.30219,-3.1961,0,0.32602
0,0,136,137,0.80049,0.036186,-3.1961,0,0.32602,-3.2225,0,0.35078
0,0,137,138,0.79784,0.036188,-3.2225,0,0.35078,-3.248,0,0.37641
0,0,138,139,0.7952,0.036193,-3.248,0,0.37641,-3.2728,0,0.40282
0,0,139,140,0.79255,0.036193,-3.2728,0,0.40282,-3.2964,0,0.43021
0,0,140,141,0.7899,0.036188,-3.2964,0,0.43021,-3.3193,0,0.45826
0,0,141,142,0.78726,0.036187,-3.3193,0,0.45826,-3.3414,0,0.48689
0,0,142,143,0.78461,0.036193,-3.3414,0,0.48689,-3.3629,0,0.51605
0,0,143,144,0.78196,0.036192,-3.3629,0,0.51605,-3.3832,0,0.54598
0,0,144,145,0.77932,0.036187,-3.3832,0,0.54598,-3.403,0,0.57628
0,0,145,146,0.77667,0.036193,-3.403,0,0.57628,-3.4222,0,0.60697
0,0,146,147,0.77403,0.036191,-3.4222,0,0.60697,-3.4404,0,0.63825
0,0,147,148,0.77138,0.03619,-3.4404,0,0.63825,-3.4582,0,0.66974
0,0,148,149,0.76873,0.036193,-3.4582,0,0.66974,-3.4752,0,0.70169
0,0,149,150,0.76609,0.036191,-3.4752,0,0.70169,-3.4919,0,0.73382
0,0,150,151,0.76344,0.036193,-3.4919,0,0.73382,-3.5081,0,0.76618
0,0,151,152,0.7608,0.036191,-3.5081,0,0.76618,-3.5248,0,0.79831
0,0,152,153,0.75815,0.036193,-3.5248,0,0.79831,-3.5418,0,0.83026
0,0,153,154,0.7555,0.03619,-3.5418,0,0.83026,-3.5596,0,0.86175
0,0,154,155,0.75286,0.036191,-3.5596,0,0.86175,-3.5778,0,0.89303
0,0,155,156,0.75021,0.036193,-3.5778,0,0.89303,-3.597,0,0.92372
0,0,156,157,0.74756,0.036187,-3.597,0,0.92372,-3.6168,0,0.95402
0,0,157,158,0.74492,0.036192,-3.6168,0,0.95402,-3.6371,0,0.98395
0,0,158,159,0.74227,0.036193,-3.6371,0,0.98395,-3.6586,0,1.0131
0,0,159,160,0.73963,0.036187,-3.6586,0,1.0131,-3.6807,0,1.0417
0,0,160,161,0.73698,0.036188,-3.6807,0,1.0417,-3.7036,0,1.0698
0,0,161,162,0.73433,0.036193,-3.7036,0,1.0698,-3.7272,0,1.0972
0,0,162,163,0.73169,0.036193,-3.7272,0,1.0972,-3.752,0,1.1236
0,0,163,164,0.72904,0.036188,-3.752,0,1.1236,-3.7775,0,1.1492
0,0,164,165,0.72639,0.036186,-3.7775,0,1.1492,-3.8039,0,1.174
0,0,165,166,0.72375,0.036186,-3.8039,0,1.174,-3.8311,0,1.1978
0,0,166,167,0.7211,0.036187,-3.8311,0,1.1978,-3.8592,0,1.2206
0,0,167,168,0.71846,0.036187,-3.8592,0,1.2206,-3.8881,0,1.2424
0,0,168,169,0.71581,0.036188,-3.8881,0,1.2424,-3.9178,0,1.2631
0,0,169,170,0.71316,0.036188,-3.9178,0,1.2631,-3.9483,0,1.2827
0,0,170,171,0.71052,0.036189,-3.9483,0,1.2827,-3.9794,0,1.3011
0,0,171,172,0.70787,0.036189,-3.9794,0,1.3011,-4.0112,0,1.3184
0,0,172,173,0.70523,0.036189,-4.0112,0,1.3184,-4.0436,0,1.3346
0,0,173,174,0.70258,0.036189,-4.0436,0,1.3346,-4.0765,0,1.3496
0,0,174,175,0.69993,0.03619,-4.0765,0,1.3496,-4.1098,0,1.3636
0,0,175,176,0.69729,0.03619,-4.1098,0,1.3636,-4.1436,0,1.3766
0,0,176,177,0.69464,0.036191,-4.1436,0,1.3766,-4.1778,0,1.3886
0,0,177,178,0.69199,0.036192,-4.1778,0,1.3886,-4.2122,0,1.3996
0,0,178,179,0.68935,0.036192,-4.2122,0,1.3996,-4.247,0,1.4097
0,0,179,180,0.6867,0.036192,-4.247,0,1.4097,-4.282,0,1.419
0,0,180,181,0.68406,0.036192,-4.282,0,1.419,-4.3172,0,1.4275
0,0,181,182,0.68141,0.036192,-4.3172,0,1.4275,-4.3525,0,1.4353
0,0,182,183,0.67876,0.036192,-4.3525,0,1.4353,-4.388,0,1.4424
0,0,183,184,0.67612,0.036193,-4.388,0,1.4424,-4.4236,0,1.4489
0,0,184,185,0.67347,0.036193,-4.4236,0,1.4489,-4.4593,0,1.4548
0,0,185,186,0.67083,0.036193,-4.4593,0,1.4548,-4.4951,0,1.4602
0,0,186,187,0.66818,0.036193,-4.4951,0,1.4602,-4.531,0,1.4651
0,0,187,188,0.66553,0.036193,-4.531,0,1.4651,-4.5669,0,1.4695
0,0,188,189,0.66289,0.036193,-4.5669,0,1.4695,-4.6028,0,1.4736
0,0,189,190,0.66024,0.036193,-4.6028,0,1.4736,-4.6388,0,1.4773
0,0,190,191,0.65759,0.036193,-4.6388,0,1.4773,-4.6749,0,1.4807
0,0,191,192,0.65495,0.036193,-4.6749,0,1.4807,-4.7109,0,1.4837
0,0,192,193,0.6523,0.036193,-4.7109,0,1.4837,-4.747,0,1.4865
0,0,193,194,0.64966,0.036193,-4.747,0,1.4865,-4.7831,0,1.489
0,0,194,195,0.64701,0.036193,-4.7831,0,1.489,-4.8192,0,1.4913
0,0,195,196,0.64436,0.036193,-4.8192,0,1.4913,-4.8554,0,1.4934
0,0,196,197,0.64172,0.036193,-4.8554,0,1.4934,-4.8915,0,1.4953
0,0,197,198,0.63907,0.036193,-4.8915,0,1.4953,-4.9277,0,1.497
0,0,198,199,0.63642,0.036193,-4.9277,0,1.497,-4.9638,0,1.4986
0,0,199,200,0.63378,0.036193,-4.9638,0,1.4986,-5,0,1.5
0,0,201,202,0.63086,0.033248,-5,0,1.5,-5.0332,0,1.5
0,0,202,203,0.62766,0.033248,-5.0332,0,1.5,-5.0665,0,1.5001
0,0,203,204,0.62447,0.033248,-5.0665,0,1.5001,-5.0997,0,1.5001
0,0,204,205,0.62128,0.033248,-5.0997,0,1.5001,-5.133,0,1.5001
0,0,205,206,0.61808,0.033248,-5.133,0,1.5001,-5.1662,0,1.5002
0,0,206,207,0.61489,0.033248,-5.1662,0,1.5002,-5.1995,0,1.5002
0,0,207,208,0.61169,0.033248,-5.1995,0,1.5002,-5.2327,0,1.5003
0,0,208,209,0.6085,0.033248,-5.2327,0,1.5003,-5.266,0,1.5004
0,0,209,210,0.6053,0.033248,-5.266,0,1.5004,-5.2992,0,1.5005
0,0,210,211,0.60211,0.033248,-5.2992,0,1.5005,-5.3325,0,1.5006
0,0,211,212,0.59892,0.033248,-5.3325,0,1.5006,-5.3657,0,1.5008
0,0,212,213,0.59572,0.033248,-5.3657,0,1.5008,-5.399,0,1.5009
0,0,213,214,0.59253,0.033248,-5.399,0,1.5009,-5.4322,0,1.5012
0,0,214,215,0.58933,0.033248,-5.4322,0,1.5012,-5.4655,0,1.5014
0,0,215,216,0.58614,0.033248,-5.4655,0,1.5014,-5.4987,0,1.5017
0,0,216,217,0.58295,0.033248,-5.4987,0,1.5017,-5.532,0,1.5021
0,0,217,218,0.57975,0.033248,-5.532,0,1.5021,-5.5652,0,1.5025
0,0,218,219,0.57656,0.033248,-5.5652,0,1.5025,-5.5984,0,1.503
0,0,219,220,0.57336,0.033248,-5.5984,0,1.503,-5.6317,0,1.5036
0,0,220,221,0.57017,0.033248,-5.6317,0,1.5036,-5.6649,0,1.5043
0,0,221,222,0.56697,0.033248,-5.6649,0,1.5043,-5.6982,0,1.5052
0,0,222,223,0.56378,0.033248,-5.6982,0,1.5052,-5.7314,0,1.5062
0,0,223,224,0.56059,0.033248,-5.7314,0,1.5062,-5.7646,0,1.5075
0,0,224,225,0.55739,0.033248,-5.7646,0,1.5075,-5.7978,0,1.5089
0,0,225,226,0.5542,0.033248,-5.7978,0,1.5089,-5.831,0,1.5107
0,0,226,227,0.551,0.033247,-5.831,0,1.5107,-5.8642,0,1.5128
0,0,227,228,0.54781,0.033247,-5.8642,0,1.5128,-5.8974,0,1.5153
0,0,228,229,0.54461,0.033247,-5.8974,0,1.5153,-5.9305,0,1.5182
0,0,229,230,0.54142,0.033247,-5.9305,0,1.5182,-5.9635,0,1.5218
0,0,230,231,0.53823,0.033247,-5.9635,0,1.5218,-5.9965,0,1.526
0,0,231,232,0.53503,0.033247,-5.9965,0,1.526,-6.0294,0,1.5309
0,0,232,233,0.53184,0.033247,-6.0294,0,1.5309,-6.0621,0,1.5369
0,0,233,234,0.52864,0.033246,-6.0621,0,1.5369,-6.0946,0,1.5439
0,0,234,235,0.52545,0.033244,-6.0946,0,1.5439,-6.1268,0,1.5522
0,0,235,236,0.52225,0.033242,-6.1268,0,1.5522,-6.1586,0,1.5619
0,0,236,237,0.51906,0.033239,-6.1586,0,1.5619,-6.1899,0,1.5731
0,0,237,238,0.51587,0.033236,-6.1899,0,1.5731,-6.2205,0,1.5861
0,0,238,239,0.51267,0.033234,-6.2205,0,1.5861,-6.2502,0,1.6009
0,0,239,240,0.50948,0.033233,-6.2502,0,1.6009,-6.2789,0,1.6176
0,0,240,241,0.50628,0.033237,-6.2789,0,1.6176,-6.3065,0,1.6362
0,0,241,242,0.50309,0.033248,-6.3065,0,1.6362,-6.3328,0,1.6565
0,0,242,243,0.4999,0.033246,-6.3328,0,1.6565,-6.3575,0,1.6789
0,0,243,244,0.4967,0.033227,-6.3575,0,1.6789,-6.3807,0,1.7026
0,0,244,245,0.49351,0.033222,-6.3807,0,1.7026,-6.4025,0,1.7276
0,0,245,246,0.49031,0.033248,-6.4025,0,1.7276,-6.4232,0,1.7537
0,0,246,247,0.48712,0.033243,-6.4232,0,1.7537,-6.442,0,1.7811
0,0,247,248,0.48392,0.033229,-6.442,0,1.7811,-6.46,0,1.8091
0,0,248,249,0.48073,0.033248,-6.46,0,1.8091,-6.4766,0,1.8379
0,0,249,250,0.47754,0.033237,-6.4766,0,1.8379,-6.4924,0,1.8671
0,0,250,251,0.47434,0.033248,-6.4924,0,1.8671,-6.5076,0,1.8967
0,0,251,252,0.47115,0.033237,-6.5076,0,1.8967,-6.5234,0,1.9259
0,0,252,253,0.46795,0.033248,-6.5234,0,1.9259,-6.54,0,1.9547
0,0,253,254,0.46476,0.033229,-6.54,0,1.9547,-6.558,0,1.9826
0,0,254,255,0.46156,0.033243,-6.558,0,1.9826,-6.5768,0,2.0101
0,0,255,256,0.45837,0.033248,-6.5768,0,2.0101,-6.5975,0,2.0361
0,0,256,257,0.45518,0.033222,-6.5975,0,2.0361,-6.6193,0,2.0611
0,0,257,258,0.45198,0.033227,-6.6193,0,2.0611,-6.6425,0,2.0849
0,0,258,259,0.44879,0.033246,-6.6425,0,2.0849,-6.6672,0,2.1072
0,0,259,260,0.44559,0.033248,-6.6672,0,2.1072,-6.6935,0,2.1276
0,0,260,261,0.4424,0.033237,-6.6935,0,2.1276,-6.7211,0,2.1461
0,0,261,262,0.43921,0.033233,-6.7211,0,2.1461,-6.7498,0,2.1628
0,0,262,263,0.43601,0.033234,-6.7498,0,2.1628,-6.7795,0,2.1776
0,0,263,264,0.43282,0.033236,-6.7795,0,2.1776,-6.8101,0,2.1906
0,0,264,265,0.42962,0.033239,-6.8101,0,2.1906,-6.8414,0,2.2019
0,0,265,266,0.42643,0.033242,-6.8414,0,2.2019,-6.8732,0,2.2116
0,0,266,267,0.42323,0.033244,-6.8732,0,2.2116,-6.9054,0,2.2198
0,0,267,268,0.42004,0.033246,-6.9054,0,2.2198,-6.9379,0,2.2269
0,0,268,269,0.41685,0.033247,-6.9379,0,2.2269,-6.9706,0,2.2328
0,0,269,270,0.41365,0.033247,-6.9706,0,2.2328,-7.0035,0,2.2378
0,0,270,271,0.41046,0.033247,-7.0035,0,2.2378,-7.0365,0,2.242
0,0,271,272,0.40726,0.033247,-7.0365,0,2.242,-7.0695,0,2.2455
0,0,272,273,0.40407,0.033247,-7.0695,0,2.2455,-7.1026,0,2.2485
0,0,273,274,0.40087,0.033247,-7.1026,0,2.2485,-7.1358,0,2.251
0,0,274,275,0.39768,0.033247,-7.1358,0,2.251,-7.169,0,2.2531
0,0,275,276,0.39449,0.033248,-7.169,0,2.2531,-7.2022,0,2.2548
0,0,276,277,0.39129,0.033248,-7.2022,0,2.2548,-7.2354,0,2.2563
0,0,277,278,0.3881,0.033248,-7.2354,0,2.2563,-7.2686,0,2.2575
0,0,278,279,0.3849,0.033248,-7.2686,0,2.2575,-7.3018,0,2.2586
0,0,279,280,0.38171,0.033248,-7.3018,0,2.2586,-7.3351,0,2.2594
0,0,280,281,0.37852,0.033248,-7.3351,0,2.2594,-7.3683,0,2.2601
0,0,281,282,0.37532,0.033248,-7.3683,0,2.2601,-7.4016,0,2.2607
0,0,282,283,0.37213,0.033248,-7.4016,0,2.2607,-7.4348,0,2.2612
0,0,283,284,0.36893,0.033248,-7.4348,0,2.2612,-7.468,0,2.2617
0,0,284,285,0.36574,0.033248,-7.468,0,2.2617,-7.5013,0,2.262
0,0,285,286,0.36254,0.033248,-7.5013,0,2.262,-7.5345,0,2.2623
0,0,286,287,0.35935,0.033248,-7.5345,0,2.2623,-7.5678,0,2.2626
0,0,287,288,0.35616,0.033248,-7.5678,0,2.2626,-7.601,0,2.2628
0,0,288,289,0.35296,0.033248,-7.601,0,2.2628,-7.6343,0,2.263
0,0,289,290,0.34977,0.033248,-7.6343,0,2.263,-7.6675,0,2.2631
0,0,290,291,0.34657,0.033248,-7.6675,0,2.2631,-7.7008,0,2.2632
0,0,291,292,0.34338,0.033248,-7.7008,0,2.2632,-7.734,0,2.2633
0,0,292,293,0.34018,0.033248,-7.734,0,2.2633,-7.7673,0,2.2634
0,0,293,294,0.33699,0.033248,-7.7673,0,2.2634,-7.8005,0,2.2635
0,0,294,295,0.3338,0.033248,-7.8005,0,2.2635,-7.8338,0,2.2636
0,0,295,296,0.3306,0.033248,-7.8338,0,2.2636,-7.867,0,2.2636
0,0,296,297,0.32741,0.033248,-7.867,0,2.2636,-7.9003,0,2.2636
0,0,297,298,0.32421,0.033248,-7.9003,0,2.2636,-7.9335,0,2.2637
0,0,298,299,0.32102,0.033248,-7.9335,0,2.2637,-7.9668,0,2.2637
0,0,299,300,0.31782,0.033248,-7.9668,0,2.2637,-8,0,2.2637
0,0,301,302,0.63086,0.030717,-5,0,1.5,-5.0307,0,1.5
0,0,302,303,0.62766,0.030717,-5.0307,0,1.5,-5.0614,0,1.5
0,0,303,304,0.62447,0.030717,-5.0614,0,1.5,-5.0922,0,1.5
0,0,304,305,0.62128,0.030717,-5.0922,0,1.5,-5.1229,0,1.5
0,0,305,306,0.61808,0.030717,-5.1229,0,1.5,-5.1536,0,1.4999
0,0,306,307,0.61489,0.030717,-5.1536,0,1.4999,-5.1843,0,1.4999
0,0,307,308,0.61169,0.030717,-5.1843,0,1.4999,-5.215,0,1.4999
0,0,308,309,0.6085,0.030717,-5.215,0,1.4999,-5.2457,0,1.4999
0,0,309,310,0.6053,0.030717,-5.2457,0,1.4999,-5.2765,0,1.4999
0,0,310,311,0.60211,0.030717,-5.2765,0,1.4999,-5.3072,0,1.4998
0,0,311,312,0.59892,0.030717,-5.3072,0,1.4998,-5.3379,0,1.4998
0,0,312,313,0.59572,0.030717,-5.3379,0,1.4998,-5.3686,0,1.4997
0,0,313,314,0.59253,0.030717,-5.3686,0,1.4997,-5.3993,0,1.4997
0,0,314,315,0.58933,0.030717,-5.3993,0,1.4997,-5.43,0,1.4996
0,0,315,316,0.58614,0.030717,-5.43,0,1.4996,-5.4608,0,1.4995
0,0,316,317,0.58295,0.030717,-5.4608,0,1.4995,-5.4915,0,1.4995
0,0,317,318,0.57975,0.030717,-5.4915,0,1.4995,-5.5222,0,1.4993
0,0,318,319,0.57656,0.030717,-5.5222,0,1.4993,-5.5529,0,1.4992
0,0,319,320,0.57336,0.030717,-5.5529,0,1.4992,-5.5836,0,1.4991
0,0,320,321,0.57017,0.030717,-5.5836,0,1.4991,-5.6143,0,1.4989
0,0,321,322,0.56697,0.030717,-5.6143,0,1.4989,-5.6451,0,1.4987
0,0,322,323,0.56378,0.030717,-5.6451,0,1.4987,-5.6758,0,1.4985
0,0,323,324,0.56059,0.030717,-5.6758,0,1.4985,-5.7065,0,1.4982
0,0,324,325,0.55739,0.030717,-5.7065,0,1.4982,-5.7372,0,1.4979
0,0,325,326,0.5542,0.030717,-5.7372,0,1.4979,-5.7679,0,1.4975
0,0,326,327,0.551,0.030717,-5.7679,0,1.4975,-5.7986,0,1.497
0,0,327,328,0.54781,0.030717,-5.7986,0,1.497,-5.8293,0,1.4965
0,0,328,329,0.54461,0.030717,-5.8293,0,1.4965,-5.8601,0,1.4958
0,0,329,330,0.54142,0.030717,-5.8601,0,1.4958,-5.8908,0,1.4951
0,0,330,331,0.53823,0.030717,-5.8908,0,1.4951,-5.9215,0,1.4942
0,0,331,332,0.53503,0.030717,-5.9215,0,1.4942,-5.9522,0,1.4932
0,0,332,333,0.53184,0.030717,-5.9522,0,1.4932,-5.9829,0,1.4919
0,0,333,334,0.52864,0.030717,-5.9829,0,1.4919,-6.0135,0,1.4905
0,0,334,335,0.52545,0.030717,-6.0135,0,1.4905,-6.0442,0,1.4888
0,0,335,336,0.52225,0.030717,-6.0442,0,1.4888,-6.0749,0,1.4868
0,0,336,337,0.51906,0.030717,-6.0749,0,1.4868,-6.1055,0,1.4845
0,0,337,338,0.51587,0.030716,-6.1055,0,1.4845,-6.1361,0,1.4817
0,0,338,339,0.51267,0.030716,-6.1361,0,1.4817,-6.1666,0,1.4785
0,0,339,340,0.50948,0.030716,-6.1666,0,1.4785,-6.1971,0,1.4746
0,0,340,341,0.50628,0.030715,-6.1971,0,1.4746,-6.2275,0,1.4702
0,0,341,342,0.50309,0.030714,-6.2275,0,1.4702,-6.2578,0,1.4649
0,0,342,343,0.4999,0.030713,-6.2578,0,1.4649,-6.2879,0,1.4588
0,0,343,344,0.4967,0.030712,-6.2879,0,1.4588,-6.3177,0,1.4517
0,0,344,345,0.49351,0.03071,-6.3177,0,1.4517,-6.3473,0,1.4435
0,0,345,346,0.49031,0.030708,-6.3473,0,1.4435,-6.3765,0,1.4339
0,0,346,347,0.48712,0.030706,-6.3765,0,1.4339,-6.4052,0,1.423
0,0,347,348,0.48392,0.030705,-6.4052,0,1.423,-6.4333,0,1.4106
0,0,348,349,0.48073,0.030705,-6.4333,0,1.4106,-6.4606,0,1.3966
0,0,349,350,0.47754,0.030714,-6.4606,0,1.3966,-6.4871,0,1.3811
0,0,350,351,0.47434,0.030717,-6.4871,0,1.3811,-6.5129,0,1.3643
0,0,351,352,0.47115,0.030714,-6.5129,0,1.3643,-6.5394,0,1.3488
0,0,352,353,0.46795,0.030705,-6.5394,0,1.3488,-6.5667,0,1.3348
0,0,353,354,0.46476,0.030705,-6.5667,0,1.3348,-6.5948,0,1.3224
0,0,354,355,0.46156,0.030706,-6.5948,0,1.3224,-6.6235,0,1.3115
0,0,355,356,0.45837,0.030708,-6.6235,0,1.3115,-6.6527,0,1.302
0,0,356,357,0.45518,0.03071,-6.6527,0,1.302,-6.6823,0,1.2937
0,0,357,358,0.45198,0.030712,-6.6823,0,1.2937,-6.7121,0,1.2866
0,0,358,359,0.44879,0.030713,-6.7121,0,1.2866,-6.7422,0,1.2805
0,0,359,360,0.44559,0.030714,-6.7422,0,1.2805,-6.7725,0,1.2752
0,0,360,361,0.4424,0.030715,-6.7725,0,1.2752,-6.8029,0,1.2708
0,0,361,362,0.43921,0.030716,-6.8029,0,1.2708,-6.8334,0,1.267
0,0,362,363,0.43601,0.030716,-6.8334,0,1.267,-6.8639,0,1.2637
0,0,363,364,0.43282,0.030716,-6.8639,0,1.2637,-6.8945,0,1.261
0,0,364,365,0.42962,0.030717,-6.8945,0,1.261,-6.9251,0,1.2586
0,0,365,366,0.42643,0.030717,-6.9251,0,1.2586,-6.9558,0,1.2566
0,0,366,367,0.42323,0.030717,-6.9558,0,1.2566,-6.9865,0,1.2549
0,0,367,368,0.42004,0.030717,-6.9865,0,1.2549,-7.0171,0,1.2535
0,0,368,369,0.41685,0.030717,-7.0171,0,1.2535,-7.0478,0,1.2523
0,0,369,370,0.41365,0.030717,-7.0478,0,1.2523,-7.0785,0,1.2512
0,0,370,371,0.41046,0.030717,-7.0785,0,1.2512,-7.1092,0,1.2503
0,0,371,372,0.40726,0.030717,-7.1092,0,1.2503,-7.1399,0,1.2496
0,0,372,373,0.40407,0.030717,-7.1399,0,1.2496,-7.1707,0,1.249
0,0,373,374,0.40087,0.030717,-7.1707,0,1.249,-7.2014,0,1.2484
0,0,374,375,0.39768,0.030717,-7.2014,0,1.2484,-7.2321,0,1.248
0,0,375,376,0.39449,0.030717,-7.2321,0,1.248,-7.2628,0,1.2476
0,0,376,377,0.39129,0.030717,-7.2628,0,1.2476,-7.2935,0,1.2472
0,0,377,378,0.3881,0.030717,-7.2935,0,1.2472,-7.3242,0,1.247
0,0,378,379,0.3849,0.030717,-7.3242,0,1.247,-7.3549,0,1.2467
0,0,379,380,0.38171,0.030717,-7.3549,0,1.2467,-7.3857,0,1.2465
0,0,380,381,0.37852,0.030717,-7.3857,0,1.2465,-7.4164,0,1.2463
0,0,381,382,0.37532,0.030717,-7.4164,0,1.2463,-7.4471,0,1.2462
0,0,382,383,0.37213,0.030717,-7.4471,0,1.2462,-7.4778,0,1.2461
0,0,383,384,0.36893,0.030717,-7.4778,0,1.2461,-7.5085,0,1.246
0,0,384,385,0.36574,0.030717,-7.5085,0,1.246,-7.5392,0,1.2459
0,0,385,386,0.36254,0.030717,-7.5392,0,1.2459,-7.57,0,1.2458
0,0,386,387,0.35935,0.030717,-7.57,0,1.2458,-7.6007,0,1.2457
0,0,387,388,0.35616,0.030717,-7.6007,0,1.2457,-7.6314,0,1.2457
0,0,388,389,0.35296,0.030717,-7.6314,0,1.2457,-7.6621,0,1.2456
0,0,389,390,0.34977,0.030717,-7.6621,0,1.2456,-7.6928,0,1.2456
0,0,390,391,0.34657,0.030717,-7.6928,0,1.2456,-7.7235,0,1.2456
0,0,391,392,0.34338,0.030717,-7.7235,0,1.2456,-7.7543,0,1.2455
0,0,392,393,0.34018,0.030717,-7.7543,0,1.2455,-7.785,0,1.2455
0,0,393,394,0.33699,0.030717,-7.785,0,1.2455,-7.8157,0,1.2455
0,0,394,395,0.3338,0.030717,-7.8157,0,1.2455,-7.8464,0,1.2455
0,0,395,396,0.3306,0.030717,-7.8464,0,1.2455,-7.8771,0,1.2455
0,0,396,397,0.32741,0.030717,-7.8771,0,1.2455,-7.9078,0,1.2454
0,0,397,398,0.32421,0.030717,-7.9078,0,1.2454,-7.9386,0,1.2454
0,0,398,399,0.32102,0.030717,-7.9386,0,1.2454,-7.9693,0,1.2454
0,0,399,400,0.31782,0.030717,-7.9693,0,1.2454,-8,0,1.2454
0,0,401,402,0.8931,0.036168,-2,0,-0,-2.0362,0,-0.0004749
0,0,402,403,0.89046,0.036163,-2.0362,0,-0.0004749,-2.0723,0,-0.00099661
0,0,403,404,0.88781,0.036157,-2.0723,0,-0.00099661,-2.1085,0,-0.0015696
0,0,404,405,0.88517,0.036149,-2.1085,0,-0.0015696,-2.1446,0,-0.0021988
0,0,405,406,0.88252,0.03614,-2.1446,0,-0.0021988,-2.1808,0,-0.0028896
0,0,406,407,0.87987,0.036128,-2.1808,0,-0.0028896,-2.2169,0,-0.0036561
0,0,407,408,0.87723,0.036114,-2.2169,0,-0.0036561,-2.253,0,-0.0044999
0,0,408,409,0.87458,0.036098,-2.253,0,-0.0044999,-2.2891,0,-0.0054262
0,0,409,410,0.87193,0.036079,-2.2891,0,-0.0054262,-2.3251,0,-0.0064429
0,0,410,411,0.86929,0.036055,-2.3251,0,-0.0064429,-2.3612,0,-0.0075584
0,0,411,412,0.86664,0.036025,-2.3612,0,-0.0075584,-2.3972,0,-0.0087912
0,0,412,413,0.864,0.035988,-2.3972,0,-0.0087912,-2.4331,0,-0.010151
0,0,413,414,0.86135,0.035946,-2.4331,0,-0.010151,-2.469,0,-0.011642
0,0,414,415,0.8587,0.035896,-2.469,0,-0.011642,-2.5049,0,-0.013277
0,0,415,416,0.85606,0.035837,-2.5049,0,-0.013277,-2.5407,0,-0.015068
0,0,416,417,0.85341,0.035764,-2.5407,0,-0.015068,-2.5764,0,-0.017031
0,0,417,418,0.85077,0.035668,-2.5764,0,-0.017031,-2.612,0,-0.019203
0,0,418,419,0.84812,0.035563,-2.612,0,-0.019203,-2.6475,0,-0.021578
0,0,419,420,0.84547,0.03544,-2.6475,0,-0.021578,-2.6828,0,-0.024173
0,0,420,421,0.84283,0.035294,-2.6828,0,-0.024173,-2.718,0,-0.027005
0,0,421,422,0.84018,0.035123,-2.718,0,-0.027005,-2.753,0,-0.030093
0,0,422,423,0.83753,0.034922,-2.753,0,-0.030093,-2.7878,0,-0.033453
0,0,423,424,0.83489,0.034659,-2.7878,0,-0.033453,-2.8222,0,-0.037138
0,0,424,425,0.83224,0.03438,-2.8222,0,-0.037138,-2.8564,0,-0.041134
0,0,425,426,0.8296,0.034061,-2.8564,0,-0.041134,-2.8902,0,-0.045459
0,0,426,427,0.82695,0.033696,-2.8902,0,-0.045459,-2.9235,0,-0.050126
0,0,427,428,0.8243,0.033283,-2.9235,0,-0.050126,-2.9564,0,-0.05515
0,0,428,429,0.82166,0.03282,-2.9564,0,-0.05515,-2.9888,0,-0.06054
0,0,429,430,0.81901,0.032307,-2.9888,0,-0.06054,-3.0206,0,-0.066305
0,0,430,431,0.81636,0.031745,-3.0206,0,-0.066305,-3.0517,0,-0.072448
0,0,431,432,0.81372,0.031135,-3.0517,0,-0.072448,-3.0822,0,-0.078969
0,0,432,433,0.81107,0.030485,-3.0822,0,-0.078969,-3.1119,0,-0.085863
0,0,433,434,0.80843,0.0298,-3.1119,0,-0.085863,-3.1408,0,-0.093122
0,0,434,435,0.80578,0.029092,-3.1408,0,-0.093122,-3.1689,0,-0.10073
0,0,435,436,0.80313,0.02837,-3.1689,0,-0.10073,-3.1961,0,-0.10867
0,0,436,437,0.80049,0.027649,-3.1961,0,-0.10867,-3.2225,0,-0.11693
0,0,437,438,0.79784,0.026941,-3.2225,0,-0.11693,-3.248,0,-0.12547
0,0,438,439,0.7952,0.02626,-3.248,0,-0.12547,-3.2728,0,-0.13427
0,0,439,440,0.79255,0.025362,-3.2728,0,-0.13427,-3.2964,0,-0.1434
0,0,440,441,0.7899,0.024702,-3.2964,0,-0.1434,-3.3193,0,-0.15275
0,0,441,442,0.78726,0.024102,-3.3193,0,-0.15275,-3.3414,0,-0.1623
0,0,442,443,0.78461,0.023537,-3.3414,0,-0.1623,-3.3629,0,-0.17202
0,0,443,444,0.78196,0.022664,-3.3629,0,-0.17202,-3.3832,0,-0.18199
0,0,444,445,0.77932,0.02221,-3.3832,0,-0.18199,-3.403,0,-0.19209
0,0,445,446,0.77667,0.021746,-3.403,0,-0.19209,-3.4222,0,-0.20232
0,0,446,447,0.77403,0.020977,-3.4222,0,-0.20232,-3.4404,0,-0.21275
0,0,447,448,0.77138,0.020704,-3.4404,0,-0.21275,-3.4582,0,-0.22325
0,0,448,449,0.76873,0.02006,-3.4582,0,-0.22325,-3.4752,0,-0.2339
0,0,449,450,0.76609,0.019801,-3.4752,0,-0.2339,-3.4919,0,-0.24461
0,0,450,451,0.76344,0.019469,-3.4919,0,-0.24461,-3.5081,0,-0.25539
0,0,451,452,0.7608,0.019801,-3.5081,0,-0.25539,-3.5248,0,-0.2661
0,0,452,453,0.75815,0.02006,-3.5248,0,-0.2661,-3.5418,0,-0.27675
0,0,453,454,0.7555,0.020704,-3.5418,0,-0.27675,-3.5596,0,-0.28725
0,0,454,455,0.75286,0.020977,-3.5596,0,-0.28725,-3.5778,0,-0.29768
0,0,455,456,0.75021,0.021746,-3.5778,0,-0.29768,-3.597,0,-0.30791
0,0,456,457,0.74756,0.02221,-3.597,0,-0.30791,-3.6168,0,-0.31801
0,0,457,458,0.74492,0.022664,-3.6168,0,-0.31801,-3.6371,0,-0.32798
0,0,458,459,0.74227,0.023537,-3.6371,0,-0.32798,-3.6586,0,-0.3377
0,0,459,460,0.73963,0.024102,-3.6586,0,-0.3377,-3.6807,0,-0.34725
0,0,460,461,0.73698,0.024702,-3.6807,0,-0.34725,-3.7036,0,-0.3566
0,0,461,462,0.73433,0.025362,-3.7036,0,-0.3566,-3.7272,0,-0.36573
0,0,462,463,0.73169,0.02626,-3.7272,0,-0.36573,-3.752,0,-0.37453
0,0,463,464,0.72904,0.026941,-3.752,0,-0.37453,-3.7775,0,-0.38307
0,0,464,465,0.72639,0.027649,-3.7775,0,-0.38307,-3.8039,0,-0.39133
0,0,465,466,0.72375,0.02837,-3.8039,0,-0.39133,-3.8311,0,-0.39927
0,0,466,467,0.7211,0.029092,-3.8311,0,-0.39927,-3.8592,0,-0.40688
0,0,467,468,0.71846,0.0298,-3.8592,0,-0.40688,-3.8881,0,-0.41414
0,0,468,469,0.71581,0.030485,-3.8881,0,-0.41414,-3.9178,0,-0.42103
0,0,469,470,0.71316,0.031135,-3.9178,0,-0.42103,-3.9483,0,-0.42755
0,0,470,471,0.71052,0.031745,-3.9483,0,-0.42755,-3.9794,0,-0.43369
0,0,471,472,0.70787,0.032307,-3.9794,0,-0.43369,-4.0112,0,-0.43946
0,0,472,473,0.70523,0.03282,-4.0112,0,-0.43946,-4.0436,0,-0.44485
0,0,473,474,0.70258,0.033283,-4.0436,0,-0.44485,-4.0765,0,-0.44987
0,0,474,475,0.69993,0.033696,-4.0765,0,-0.44987,-4.1098,0,-0.45454
0,0,475,476,0.69729,0.034061,-4.1098,0,-0.45454,-4.1436,0,-0.45887
0,0,476,477,0.69464,0.03438,-4.1436,0,-0.45887,-4.1778,0,-0.46286
0,0,477,478,0.69199,0.034659,-4.1778,0,-0.46286,-4.2122,0,-0.46655
0,0,478,479,0.68935,0.034922,-4.2122,0,-0.46655,-4.247,0,-0.46991
0,0,479,480,0.6867,0.035123,-4.247,0,-0.46991,-4.282,0,-0.47299
0,0,480,481,0.68406,0.035294,-4.282,0,-0.47299,-4.3172,0,-0.47583
0,0,481,482,0.68141,0.03544,-4.3172,0,-0.47583,-4.3525,0,-0.47842
0,0,482,483,0.67876,0.035563,-4.3525,0,-0.47842,-4.388,0,-0.4808
0,0,483,484,0.67612,0.035668,-4.388,0,-0.4808,-4.4236,0,-0.48297
0,0,484,485,0.67347,0.035764,-4.4236,0,-0.48297,-4.4593,0,-0.48493
0,0,485,486,0.67083,0.035837,-4.4593,0,-0.48493,-4.4951,0,-0.48672
0,0,486,487,0.66818,0.035896,-4.4951,0,-0.48672,-4.531,0,-0.48836
0,0,487,488,0.66553,0.035946,-4.531,0,-0.48836,-4.5669,0,-0.48985
0,0,488,489,0.66289,0.035988,-4.5669,0,-0.48985,-4.6028,0,-0.49121
0,0,489,490,0.66024,0.036025,-4.6028,0,-0.49121,-4.6388,0,-0.49244
0,0,490,491,0.65759,0.036055,-4.6388,0,-0.49244,-4.6749,0,-0.49356
0,0,491,492,0.65495,0.036079,-4.6749,0,-0.49356,-4.7109,0,-0.49457
0,0,492,493,0.6523,0.036098,-4.7109,0,-0.49457,-4.747,0,-0.4955
0,0,493,494,0.64966,0.036114,-4.747,0,-0.4955,-4.7831,0,-0.49634
0,0,494,495,0.64701,0.036128,-4.7831,0,-0.49634,-4.8192,0,-0.49711
0,0,495,496,0.64436,0.03614,-4.8192,0,-0.49711,-4.8554,0,-0.4978
0,0,496,497,0.64172,0.036149,-4.8554,0,-0.4978,-4.8915,0,-0.49843
0,0,497,498,0.63907,0.036157,-4.8915,0,-0.49843,-4.9277,0,-0.499
0,0,498,499,0.63642,0.036163,-4.9277,0,-0.499,-4.9638,0,-0.49953
0,0,499,500,0.63378,0.036168,-4.9638,0,-0.49953,-5,0,-0.5
0,0,501,502,0.63086,0.030717,-5,0,-0.5,-5.0307,0,-0.49999
0,0,502,503,0.62766,0.030717,-5.0307,0,-0.49999,-5.0614,0,-0.49998
0,0,503,504,0.62447,0.030717,-5.0614,0,-0.49998,-5.0922,0,-0.49997
0,0,504,505,0.62128,0.030717,-5.0922,0,-0.49997,-5.1229,0,-0.49996
0,0,505,506,0.61808,0.030717,-5.1229,0,-0.49996,-5.1536,0,-0.49995
0,0,506,507,0.61489,0.030717,-5.1536,0,-0.49995,-5.1843,0,-0.49993
0,0,507,508,0.61169,0.030717,-5.1843,0,-0.49993,-5.215,0,-0.49991
0,0,508,509,0.6085,0.030717,-5.215,0,-0.49991,-5.2457,0,-0.49988
0,0,509,510,0.6053,0.030717,-5.2457,0,-0.49988,-5.2765,0,-0.49986
0,0,510,511,0.60211,0.030717,-5.2765,0,-0.49986,-5.3072,0,-0.49982
0,0,511,512,0.59892,0.030717,-5.3072,0,-0.49982,-5.3379,0,-0.49978
0,0,512,513,0.59572,0.030717,-5.3379,0,-0.49978,-5.3686,0,-0.49974
0,0,513,514,0.59253,0.030717,-5.3686,0,-0.49974,-5.3993,0,-0.49968
0,0,514,515,0.58933,0.030717,-5.3993,0,-0.49968,-5.43,0,-0.49962
0,0,515,516,0.58614,0.030717,-5.43,0,-0.49962,-5.4608,0,-0.49954
0,0,516,517,0.58295,0.030717,-5.4608,0,-0.49954,-5.4915,0,-0.49945
0,0,517,518,0.57975,0.030717,-5.4915,0,-0.49945,-5.5222,0,-0.49935
0,0,518,519,0.57656,0.030717,-5.5222,0,-0.49935,-5.5529,0,-0.49923
0,0,519,520,0.57336,0.030717,-5.5529,0,-0.49923,-5.5836,0,-0.49908
0,0,520,521,0.57017,0.030717,-5.5836,0,-0.49908,-5.6143,0,-0.49891
0,0,521,522,0.56697,0.030717,-5.6143,0,-0.49891,-5.6451,0,-0.49871
0,0,522,523,0.56378,0.030717,-5.6451,0,-0.49871,-5.6758,0,-0.49847
0,0,523,524,0.56059,0.030717,-5.6758,0,-0.49847,-5.7065,0,-0.49819
0,0,524,525,0.55739,0.030717,-5.7065,0,-0.49819,-5.7372,0,-0.49786
0,0,525,526,0.5542,0.030717,-5.7372,0,-0.49786,-5.7679,0,-0.49747
0,0,526,527,0.551,0.030717,-5.7679,0,-0.49747,-5.7986,0,-0.49701
0,0,527,528,0.54781,0.030717,-5.7986,0,-0.49701,-5.8293,0,-0.49647
0,0,528,529,0.54461,0.030717,-5.8293,0,-0.49647,-5.8601,0,-0.49584
0,0,529,530,0.54142,0.030717,-5.8601,0,-0.49584,-5.8908,0,-0.49509
0,0,530,531,0.53823,0.030717,-5.8908,0,-0.49509,-5.9215,0,-0.4942
0,0,531,532,0.53503,0.030717,-5.9215,0,-0.4942,-5.9522,0,-0.49317
0,0,532,533,0.53184,0.030717,-5.9522,0,-0.49317,-5.9829,0,-0.49194
0,0,533,534,0.52864,0.030717,-5.9829,0,-0.49194,-6.0135,0,-0.4905
0,0,534,535,0.52545,0.030717,-6.0135,0,-0.4905,-6.0442,0,-0.48881
0,0,535,536,0.52225,0.030717,-6.0442,0,-0.48881,-6.0749,0,-0.48681
0,0,536,537,0.51906,0.030717,-6.0749,0,-0.48681,-6.1055,0,-0.48446
0,0,537,538,0.51587,0.030716,-6.1055,0,-0.48446,-6.1361,0,-0.4817
0,0,538,539,0.51267,0.030716,-6.1361,0,-0.4817,-6.1666,0,-0.47846
0,0,539,540,0.50948,0.030716,-6.1666,0,-0.47846,-6.1971,0,-0.47465
0,0,540,541,0.50628,0.030715,-6.1971,0,-0.47465,-6.2275,0,-0.47018
0,0,541,542,0.50309,0.030714,-6.2275,0,-0.47018,-6.2578,0,-0.46495
0,0,542,543,0.4999,0.030713,-6.2578,0,-0.46495,-6.2879,0,-0.45883
0,0,543,544,0.4967,0.030712,-6.2879,0,-0.45883,-6.3177,0,-0.45172
0,0,544,545,0.49351,0.03071,-6.3177,0,-0.45172,-6.3473,0,-0.44346
0,0,545,546,0.49031,0.030708,-6.3473,0,-0.44346,-6.3765,0,-0.43393
0,0,546,547,0.48712,0.030706,-6.3765,0,-0.43393,-6.4052,0,-0.423
0,0,547,548,0.48392,0.030705,-6.4052,0,-0.423,-6.4333,0,-0.41058
0,0,548,549,0.48073,0.030705,-6.4333,0,-0.41058,-6.4606,0,-0.39661
0,0,549,550,0.47754,0.030714,-6.4606,0,-0.39661,-6.4871,0,-0.3811
0,0,550,551,0.47434,0.030717,-6.4871,0,-0.3811,-6.5129,0,-0.36432
0,0,551,552,0.47115,0.030714,-6.5129,0,-0.36432,-6.5394,0,-0.34881
0,0,552,553,0.46795,0.030705,-6.5394,0,-0.34881,-6.5667,0,-0.33484
0,0,553,554,0.46476,0.030705,-6.5667,0,-0.33484,-6.5948,0,-0.32242
0,0,554,555,0.46156,0.030706,-6.5948,0,-0.32242,-6.6235,0,-0.31149
0,0,555,556,0.45837,0.030708,-6.6235,0,-0.31149,-6.6527,0,-0.30196
0,0,556,557,0.45518,0.03071,-6.6527,0,-0.30196,-6.6823,0,-0.29371
0,0,557,558,0.45198,0.030712,-6.6823,0,-0.29371,-6.7121,0,-0.28659
0,0,558,559,0.44879,0.030713,-6.7121,0,-0.28659,-6.7422,0,-0.28048
0,0,559,560,0.44559,0.030714,-6.7422,0,-0.28048,-6.7725,0,-0.27524
0,0,560,561,0.4424,0.030715,-6.7725,0,-0.27524,-6.8029,0,-0.27078
0,0,561,562,0.43921,0.030716,-6.8029,0,-0.27078,-6.8334,0,-0.26697
0,0,562,563,0.43601,0.030716,-6.8334,0,-0.26697,-6.8639,0,-0.26372
0,0,563,564,0.43282,0.030716,-6.8639,0,-0.26372,-6.8945,0,-0.26096
0,0,564,565,0.42962,0.030717,-6.8945,0,-0.26096,-6.9251,0,-0.25861
0,0,565,566,0.42643,0.030717,-6.9251,0,-0.25861,-6.9558,0,-0.25662
0,0,566,567,0.42323,0.030717,-6.9558,0,-0.25662,-6.9865,0,-0.25492
0,0,567,568,0.42004,0.030717,-6.9865,0,-0.25492,-7.0171,0,-0.25348
0,0,568,569,0.41685,0.030717,-7.0171,0,-0.25348,-7.0478,0,-0.25226
0,0,569,570,0.41365,0.030717,-7.0478,0,-0.25226,-7.0785,0,-0.25122
0,0,570,571,0.41046,0.030717,-7.0785,0,-0.25122,-7.1092,0,-0.25033
0,0,571,572,0.40726,0.030717,-7.1092,0,-0.25033,-7.1399,0,-0.24959
0,0,572,573,0.40407,0.030717,-7.1399,0,-0.24959,-7.1707,0,-0.24895
0,0,573,574,0.40087,0.030717,-7.1707,0,-0.24895,-7.2014,0,-0.24841
0,0,574,575,0.39768,0.030717,-7.2014,0,-0.24841,-7.2321,0,-0.24795
0,0,575,576,0.39449,0.030717,-7.2321,0,-0.24795,-7.2628,0,-0.24756
0,0,576,577,0.39129,0.030717,-7.2628,0,-0.24756,-7.2935,0,-0.24723
0,0,577,578,0.3881,0.030717,-7.2935,0,-0.24723,-7.3242,0,-0.24695
0,0,578,579,0.3849,0.030717,-7.3242,0,-0.24695,-7.3549,0,-0.24671
0,0,579,580,0.38171,0.030717,-7.3549,0,-0.24671,-7.3857,0,-0.24651
0,0,580,581,0.37852,0.030717,-7.3857,0,-0.24651,-7.4164,0,-0.24634
0,0,581,582,0.37532,0.030717,-7.4164,0,-0.24634,-7.4471,0,-0.2462
0,0,582,583,0.37213,0.030717,-7.4471,0,-0.2462,-7.4778,0,-0.24607
0,0,583,584,0.36893,0.030717,-7.4778,0,-0.24607,-7.5085,0,-0.24597
0,0,584,585,0.36574,0.030717,-7.5085,0,-0.24597,-7.5392,0,-0.24588
0,0,585,586,0.36254,0.030717,-7.5392,0,-0.24588,-7.57,0,-0.2458
0,0,586,587,0.35935,0.030717,-7.57,0,-0.2458,-7.6007,0,-0.24574
0,0,587,588,0.35616,0.030717,-7.6007,0,-0.24574,-7.6314,0,-0.24568
0,0,588,589,0.35296,0.030717,-7.6314,0,-0.24568,-7.6621,0,-0.24564
0,0,589,590,0.34977,0.030717,-7.6621,0,-0.24564,-7.6928,0,-0.2456
0,0,590,591,0.34657,0.030717,-7.6928,0,-0.2456,-7.7235,0,-0.24557
0,0,591,592,0.34338,0.030717,-7.7235,0,-0.24557,-7.7543,0,-0.24554
0,0,592,593,0.34018,0.030717,-7.7543,0,-0.24554,-7.785,0,-0.24551
0,0,593,594,0.33699,0.030717,-7.785,0,-0.24551,-7.8157,0,-0.24549
0,0,594,595,0.3338,0.030717,-7.8157,0,-0.24549,-7.8464,0,-0.24548
0,0,595,596,0.3306,0.030717,-7.8464,0,-0.24548,-7.8771,0,-0.24546
0,0,596,597,0.32741,0.030717,-7.8771,0,-0.24546,-7.9078,0,-0.24545
0,0,597,598,0.32421,0.030717,-7.9078,0,-0.24545,-7.9386,0,-0.24544
0,0,598,599,0.32102,0.030717,-7.9386,0,-0.24544,-7.9693,0,-0.24543
0,0,599,600,0.31782,0.030717,-7.9693,0,-0.24543,-8,0,-0.24542
0,0,601,602,0.63018,0.033248,-5,0,-0.5,-5.0332,0,-0.50003
0,0,602,603,0.62564,0.033248,-5.0332,0,-0.50003,-5.0665,0,-0.50005
0,0,603,604,0.62109,0.033248,-5.0665,0,-0.50005,-5.0997,0,-0.50009
0,0,604,605,0.61655,0.033248,-5.0997,0,-0.50009,-5.133,0,-0.50013
0,0,605,606,0.61201,0.033248,-5.133,0,-0.50013,-5.1662,0,-0.50018
0,0,606,607,0.60746,0.033248,-5.1662,0,-0.50018,-5.1995,0,-0.50024
0,0,607,608,0.60292,0.033248,-5.1995,0,-0.50024,-5.2327,0,-0.50032
0,0,608,609,0.59837,0.033248,-5.2327,0,-0.50032,-5.266,0,-0.5004
0,0,609,610,0.59383,0.033248,-5.266,0,-0.5004,-5.2992,0,-0.5005
0,0,610,611,0.58929,0.033248,-5.2992,0,-0.5005,-5.3325,0,-0.50063
0,0,611,612,0.58474,0.033248,-5.3325,0,-0.50063,-5.3657,0,-0.50077
0,0,612,613,0.5802,0.033248,-5.3657,0,-0.50077,-5.399,0,-0.50095
0,0,613,614,0.57565,0.033248,-5.399,0,-0.50095,-5.4322,0,-0.50116
0,0,614,615,0.57111,0.033248,-5.4322,0,-0.50116,-5.4655,0,-0.50141
0,0,615,616,0.56656,0.033248,-5.4655,0,-0.50141,-5.4987,0,-0.50171
0,0,616,617,0.56202,0.033248,-5.4987,0,-0.50171,-5.532,0,-0.50207
0,0,617,618,0.55748,0.033248,-5.532,0,-0.50207,-5.5652,0,-0.50249
0,0,618,619,0.55293,0.033248,-5.5652,0,-0.50249,-5.5984,0,-0.503
0,0,619,620,0.54839,0.033248,-5.5984,0,-0.503,-5.6317,0,-0.5036
0,0,620,621,0.54384,0.033248,-5.6317,0,-0.5036,-5.6649,0,-0.50432
0,0,621,622,0.5393,0.033248,-5.6649,0,-0.50432,-5.6982,0,-0.50518
0,0,622,623,0.53475,0.033248,-5.6982,0,-0.50518,-5.7314,0,-0.50622
0,0,623,624,0.53021,0.033248,-5.7314,0,-0.50622,-5.7646,0,-0.50745
0,0,624,625,0.52567,0.033248,-5.7646,0,-0.50745,-5.7978,0,-0.50893
0,0,625,626,0.52112,0.033248,-5.7978,0,-0.50893,-5.831,0,-0.51069
0,0,626,627,0.51658,0.033247,-5.831,0,-0.51069,-5.8642,0,-0.51278
0,0,627,628,0.51203,0.033247,-5.8642,0,-0.51278,-5.8974,0,-0.51527
0,0,628,629,0.50749,0.033247,-5.8974,0,-0.51527,-5.9305,0,-0.51824
0,0,629,630,0.50294,0.033247,-5.9305,0,-0.51824,-5.9635,0,-0.52177
0,0,630,631,0.4984,0.033247,-5.9635,0,-0.52177,-5.9965,0,-0.52596
0,0,631,632,0.49386,0.033247,-5.9965,0,-0.52596,-6.0294,0,-0.53093
0,0,632,633,0.48931,0.033247,-6.0294,0,-0.53093,-6.0621,0,-0.53686
0,0,633,634,0.48477,0.033246,-6.0621,0,-0.53686,-6.0946,0,-0.5439
0,0,634,635,0.48022,0.033244,-6.0946,0,-0.5439,-6.1268,0,-0.55218
0,0,635,636,0.47568,0.033242,-6.1268,0,-0.55218,-6.1586,0,-0.56187
0,0,636,637,0.47113,0.033239,-6.1586,0,-0.56187,-6.1899,0,-0.57313
0,0,637,638,0.46659,0.033236,-6.1899,0,-0.57313,-6.2205,0,-0.58612
0,0,638,639,0.46205,0.033234,-6.2205,0,-0.58612,-6.2502,0,-0.60094
0,0,639,640,0.4575,0.033233,-6.2502,0,-0.60094,-6.2789,0,-0.61764
0,0,640,641,0.45296,0.033237,-6.2789,0,-0.61764,-6.3065,0,-0.63618
0,0,641,642,0.44841,0.033248,-6.3065,0,-0.63618,-6.3328,0,-0.65652
0,0,642,643,0.44387,0.033246,-6.3328,0,-0.65652,-6.3575,0,-0.67885
0,0,643,644,0.43932,0.033227,-6.3575,0,-0.67885,-6.3807,0,-0.70265
0,0,644,645,0.43478,0.033222,-6.3807,0,-0.70265,-6.4025,0,-0.72764
0,0,645,646,0.43024,0.033248,-6.4025,0,-0.72764,-6.4232,0,-0.75365
0,0,646,647,0.42569,0.033243,-6.4232,0,-0.75365,-6.442,0,-0.78111
0,0,647,648,0.42115,0.033229,-6.442,0,-0.78111,-6.46,0,-0.80905
0,0,648,649,0.4166,0.033248,-6.46,0,-0.80905,-6.4766,0,-0.83786
0,0,649,650,0.41206,0.033237,-6.4766,0,-0.83786,-6.4924,0,-0.86706
0,0,650,651,0.40751,0.033248,-6.4924,0,-0.86706,-6.5076,0,-0.89667
0,0,651,652,0.40297,0.033237,-6.5076,0,-0.89667,-6.5234,0,-0.92588
0,0,652,653,0.39843,0.033248,-6.5234,0,-0.92588,-6.54,0,-0.95469
0,0,653,654,0.39388,0.033229,-6.54,0,-0.95469,-6.558,0,-0.98263
0,0,654,655,0.38934,0.033243,-6.558,0,-0.98263,-6.5768,0,-1.0101
0,0,655,656,0.38479,0.033248,-6.5768,0,-1.0101,-6.5975,0,-1.0361
0,0,656,657,0.38025,0.033222,-6.5975,0,-1.0361,-6.6193,0,-1.0611
0,0,657,658,0.37571,0.033227,-6.6193,0,-1.0611,-6.6425,0,-1.0849
0,0,658,659,0.37116,0.033246,-6.6425,0,-1.0849,-6.6672,0,-1.1072
0,0,659,660,0.36662,0.033248,-6.6672,0,-1.1072,-6.6935,0,-1.1276
0,0,660,661,0.36207,0.033237,-6.6935,0,-1.1276,-6.7211,0,-1.1461
0,0,661,662,0.35753,0.033233,-6.7211,0,-1.1461,-6.7498,0,-1.1628
0,0,662,663,0.35298,0.033234,-6.7498,0,-1.1628,-6.7795,0,-1.1776
0,0,663,664,0.34844,0.033236,-6.7795,0,-1.1776,-6.8101,0,-1.1906
0,0,664,665,0.3439,0.033239,-6.8101,0,-1.1906,-6.8414,0,-1.2019
0,0,665,666,0.33935,0.033242,-6.8414,0,-1.2019,-6.8732,0,-1.2116
0,0,666,667,0.33481,0.033244,-6.8732,0,-1.2116,-6.9054,0,-1.2198
0,0,667,668,0.33026,0.033246,-6.9054,0,-1.2198,-6.9379,0,-1.2269
0,0,668,669,0.32572,0.033247,-6.9379,0,-1.2269,-6.9706,0,-1.2328
0,0,669,670,0.32117,0.033247,-6.9706,0,-1.2328,-7.0035,0,-1.2378
0,0,670,671,0.31663,0.033247,-7.0035,0,-1.2378,-7.0365,0,-1.242
0,0,671,672,0.31209,0.033247,-7.0365,0,-1.242,-7.0695,0,-1.2455
0,0,672,673,0.30754,0.033247,-7.0695,0,-1.2455,-7.1026,0,-1.2485
0,0,673,674,0.303,0.033247,-7.1026,0,-1.2485,-7.1358,0,-1.251
0,0,674,675,0.29845,0.033247,-7.1358,0,-1.251,-7.169,0,-1.2531
0,0,675,676,0.29391,0.033248,-7.169,0,-1.2531,-7.2022,0,-1.2548
0,0,676,677,0.28936,0.033248,-7.2022,0,-1.2548,-7.2354,0,-1.2563
0,0,677,678,0.28482,0.033248,-7.2354,0,-1.2563,-7.2686,0,-1.2575
0,0,678,679,0.28028,0.033248,-7.2686,0,-1.2575,-7.3018,0,-1.2586
0,0,679,680,0.27573,0.033248,-7.3018,0,-1.2586,-7.3351,0,-1.2594
0,0,680,681,0.27119,0.033248,-7.3351,0,-1.2594,-7.3683,0,-1.2601
0,0,681,682,0.26664,0.033248,-7.3683,0,-1.2601,-7.4016,0,-1.2607
0,0,682,683,0.2621,0.033248,-7.4016,0,-1.2607,-7.4348,0,-1.2612
0,0,683,684,0.25755,0.033248,-7.4348,0,-1.2612,-7.468,0,-1.2617
0,0,684,685,0.25301,0.033248,-7.468,0,-1.2617,-7.5013,0,-1.262
0,0,685,686,0.24847,0.033248,-7.5013,0,-1.262,-7.5345,0,-1.2623
0,0,686,687,0.24392,0.033248,-7.5345,0,-1.2623,-7.5678,0,-1.2626
0,0,687,688,0.23938,0.033248,-7.5678,0,-1.2626,-7.601,0,-1.2628
0,0,688,689,0.23483,0.033248,-7.601,0,-1.2628,-7.6343,0,-1.263
0,0,689,690,0.23029,0.033248,-7.6343,0,-1.263,-7.6675,0,-1.2631
0,0,690,691,0.22574,0.033248,-7.6675,0,-1.2631,-7.7008,0,-1.2632
0,0,691,692,0.2212,0.033248,-7.7008,0,-1.2632,-7.734,0,-1.2633
0,0,692,693,0.21666,0.033248,-7.734,0,-1.2633,-7.7673,0,-1.2634
0,0,693,694,0.21211,0.033248,-7.7673,0,-1.2634,-7.8005,0,-1.2635
0,0,694,695,0.20757,0.033248,-7.8005,0,-1.2635,-7.8338,0,-1.2636
0,0,695,696,0.20302,0.033248,-7.8338,0,-1.2636,-7.867,0,-1.2636
0,0,696,697,0.19848,0.033248,-7.867,0,-1.2636,-7.9003,0,-1.2636
0,0,697,698,0.19393,0.033248,-7.9003,0,-1.2636,-7.9335,0,-1.2637
0,0,698,699,0.18939,0.033248,-7.9335,0,-1.2637,-7.9668,0,-1.2637
0,0,699,700,0.18485,0.033248,-7.9668,0,-1.2637,-8,0,-1.2637
